{
  "config_version": 4,
  "loadbuiltin": true,
  "quark": false,
  "dark": false,
  "oldChooseWheel": false,
  "perspective": true,
  "default3rdPersonFront": false,
  "showicon": true,
  "enableNSFW": true,
  "debug": true,
  "validate": false,
  "validationThreshold": 8.0,
  "emotesFolderOnLogicalServer": false,
  "emotesDirectory": "emotes",
  "autoFixEmoteStop": true,
  "alwaysValidateEmote": false,
  "playersafety": true,
  "stopthreshold": 0.04,
  "yratio": 0.75,
  "showHiddenConfig": false,
  "neverRemoveBadIcon": false,
  "exportBuiltin": false,
  "hideWarning": false,
  "fastmenu": {
    "0": {
      "2": "f5e430b5-77f0-4b54-94ce-ae433dc8865a",
      "3": "6690b461-0000-0000-0000-000000000000",
      "4": "ebfb1e69-330a-4970-8bca-f5625c90681a"
    }
  },
  "keys": {}
}